{"weights": {"fico_score": 0.09085731680034756, "dti_computed": 0.08974229526539322, "loan_to_income": 0.10109544655540167, "annual_inc": 0.08853873487667377, "emp_length_years": 0.07726121644115723, "has_delinquency": 0.07545933022738198, "int_rate": 0.3870804553720023, "installment": 0.08996520446164226}, "norm_info": {"fico_score": [660.0, 800.0], "dti_computed": [2.1860000000000004, 38.414000000000016], "loan_to_income": [0.02422998405103663, 0.49138933074773977], "annual_inc": [18000.0, 265000.0], "emp_length_years": [0.0, 10.0], "has_delinquency": [0.0, 1.0], "int_rate": [5.32, 23.99], "installment": [49.86, 1182.33]}, "score_features": ["fico_score", "dti_computed", "loan_to_income", "annual_inc", "emp_length_years", "has_delinquency", "int_rate", "installment"], "feature_directions": {"fico_score": true, "annual_inc": true, "emp_length_years": true, "dti_computed": false, "loan_to_income": false, "int_rate": false, "installment": false, "has_delinquency": false}, "midpoint": 5.383}